{
  "project_info": {
    "project_number": "344889240008",
    "firebase_url": "https://pushnotification-fe24b.firebaseio.com",
    "project_id": "pushnotification-fe24b",
    "storage_bucket": "pushnotification-fe24b.appspot.com"
  },
  "client": [
    {
      "client_info": {
        "mobilesdk_app_id": "1:344889240008:android:b8f1e3ab84406ba8c938fd",
        "android_client_info": {
          "package_name": "com.zhuping.reactnative"
        }
      },
      "oauth_client": [
        {
          "client_id": "344889240008-t2cpv63r7pam2gt80fuh9gdfgp2g2419.apps.googleusercontent.com",
          "client_type": 3
        }
      ],
      "api_key": [
        {
          "current_key": "AIzaSyDt1tZX-d__CmaM5NjgUvwwjRtCMG-jwAo"
        }
      ],
      "services": {
        "appinvite_service": {
          "other_platform_oauth_client": [
            {
              "client_id": "344889240008-t2cpv63r7pam2gt80fuh9gdfgp2g2419.apps.googleusercontent.com",
              "client_type": 3
            }
          ]
        }
      }
    }
  ],
  "configuration_version": "1"
}